mean_speed,std_speed,p75_speed,p90_speed,trunk_angle_deg,trunk_angle_var,head_y_mean,head_y_min,head_y_range,hip_y_mean,hip_x_disp,hip_x_path,seg_len,label,file,start_s,end_s,dur_seg
0.8044520020484924,0.8013659119606018,1.2768163681030273,1.8576328754425049,-89.60345458984375,0.09586804360151291,3.8160479068756104,3.8027172088623047,0.02653360366821289,4.966850280761719,-0.020679950714111328,0.06470346450805664,7.0,sentarse,Video 1.mp4,0.03341483292583537,0.5012224938875306,0.46780766096169524
2.3044228553771973,1.3457764387130737,3.2201485633850098,4.26839017868042,-90.39411926269531,3.263856887817383,3.677417755126953,3.197922945022583,0.6620197296142578,4.608704566955566,-0.4068946838378906,0.507014274597168,10.0,ponerse de pie,Video 1.mp4,0.534637326813366,1.2029339853300733,0.6682966585167074
1.4646010398864746,0.6615210175514221,1.94990873336792,2.4386956691741943,-89.05533599853516,6.658300876617432,2.0764095783233643,1.2512247562408447,1.729503870010376,3.2778120040893555,-1.8540284633636475,2.408839464187622,39.0,caminar hacia al frente,Video 1.mp4,1.2363488182559088,3.8092909535452324,2.5729421352893236
1.988174319267273,1.6096712350845337,2.574679136276245,4.314705848693848,-90.36329650878906,4.545309066772461,0.9198030829429626,0.687150776386261,0.5478699803352356,2.1757237911224365,-0.7432444095611572,0.9299254417419434,15.0,giro 180,Video 1.mp4,3.842705786471068,4.845150774246129,1.002444987775061
1.5449602603912354,1.2538650035858154,2.249392032623291,3.0564751625061035,-86.84165954589844,4.642768859863281,0.4467065632343292,0.16285476088523865,0.7583944797515869,1.2525889873504639,-0.05961751937866211,3.248776435852051,32.0,caminar hacia atras,Video 1.mp4,4.878565607171964,7.017114914425428,2.138549307253464
1.2440472841262817,0.948406994342804,1.5220723152160645,2.5131592750549316,-86.35702514648438,1.2784349918365479,1.1062687635421753,0.8829886317253113,0.4918835759162903,2.1781063079833984,0.4782465696334839,0.8057805299758911,9.0,giro 180,Video 1.mp4,7.050529747351264,7.618581907090465,0.5680521597392012
2.94820237159729,2.253056287765503,3.8410749435424805,5.400575637817383,-87.9242935180664,21.38485336303711,1.360656976699829,0.5721397995948792,1.6721549034118652,2.174769639968872,1.3972680568695068,7.831891059875488,28.0,sentarse,Video 1.mp4,7.6519967400163,9.489812550937245,1.8378158109209446
1.9467915296554565,1.1357325315475464,2.3568403720855713,3.2017455101013184,-96.67591857910156,2.077982187271118,3.1224544048309326,2.5184624195098877,1.0966663360595703,4.18245792388916,0.40926694869995117,0.7122654914855957,14.0,ponerse de pie,Video 1.mp4,9.52322738386308,10.425427872860636,0.9022004889975559
0.8812321424484253,0.49270740151405334,1.3143272399902344,1.424181580543518,-93.32317352294922,0.059715986251831055,3.6265690326690674,3.5358970165252686,0.18641400337219238,4.68928861618042,0.11375188827514648,0.39626169204711914,8.0,ponerse de pie,Video 1.mp4,10.458842705786472,10.993480032599837,0.5346373268133657
1.1262060403823853,0.8131125569343567,1.7789710760116577,2.08345890045166,-86.3990478515625,0.3656785488128662,3.6469407081604004,3.5592663288116455,0.2091233730316162,4.5290021896362305,0.041042327880859375,0.05751991271972656,5.0,sentarse,Video 10.mp4,0.033418584825234444,0.36760443307757884,0.3341858482523444
2.3630943298339844,1.3927921056747437,3.1392982006073,3.7416718006134033,-90.4292984008789,5.275585174560547,3.0458571910858154,2.428252696990967,1.367971420288086,3.8665804862976074,-0.5906515121459961,0.6966733932495117,9.0,ponerse de pie,Video 10.mp4,0.4010230179028133,0.9691389599317988,0.5681159420289854
1.5689561367034912,0.5913498997688293,1.8657026290893555,2.4092822074890137,-85.56543731689453,12.122977256774902,1.6389936208724976,0.9471948146820068,1.3275377750396729,2.81665301322937,-1.292302131652832,2.5102992057800293,35.0,caminar hacia al frente,Video 10.mp4,1.0025575447570332,3.30843989769821,2.3058823529411767
1.5641921758651733,1.08784019947052,2.4334332942962646,2.825762987136841,-86.24029541015625,3.419192314147949,0.5822014212608337,0.29801905155181885,0.5740000009536743,1.7531168460845947,-1.0813448429107666,1.0813448429107666,16.0,giro 180,Video 10.mp4,3.341858482523444,4.4112531969309465,1.0693947144075024
1.4489670991897583,0.7526270747184753,1.87819242477417,2.3359527587890625,-86.09986114501953,17.162952423095703,0.445429265499115,0.1310918927192688,0.7816051840782166,1.2242439985275269,0.5110965967178345,2.271470785140991,28.0,caminar hacia atras,Video 10.mp4,4.444671781756181,6.282693947144075,1.838022165387894
1.8719736337661743,1.0427030324935913,2.875272035598755,3.001934289932251,-90.4046859741211,7.95269775390625,1.1882667541503906,0.7959467768669128,0.9440808892250061,2.1461379528045654,1.0847585201263428,1.873368263244629,16.0,giro 180,Video 10.mp4,6.31611253196931,7.352088661551577,1.0359761295822674
2.2310075759887695,1.3942604064941406,3.02254056930542,3.846806049346924,-85.96906280517578,5.379827976226807,1.4086803197860718,0.5178871750831604,1.865588903427124,2.1848104000091553,1.1485874652862549,5.6347784996032715,28.0,sentarse,Video 10.mp4,7.385507246376812,9.223529411764707,1.838022165387895
1.7631263732910156,1.7006916999816895,2.6242728233337402,4.626791000366211,-85.9462890625,0.8252798914909363,3.331345319747925,2.514918804168701,1.0653431415557861,4.199615001678467,0.6041665077209473,0.7582707405090332,19.0,ponerse de pie,Video 10.mp4,9.25694799658994,10.493435635123614,1.2364876385336743
0.37720364332199097,0.29715147614479065,0.5878694653511047,0.7947419881820679,-87.67372131347656,0.1176367998123169,3.218104124069214,3.171893358230591,0.0902397632598877,4.23135232925415,-0.23515939712524414,0.38252687454223633,18.0,sentarse,Video 11.mp4,0.033448275862068964,1.2041379310344826,1.1706896551724137
1.5769495964050293,0.9609501957893372,2.4040963649749756,2.628269910812378,-89.6707763671875,2.8076889514923096,2.586346387863159,2.1880996227264404,0.9620389938354492,3.605058193206787,-0.01607227325439453,0.7625765800476074,16.0,ponerse de pie,Video 11.mp4,1.2375862068965517,2.3079310344827584,1.0703448275862066
1.1741387844085693,0.638573944568634,1.5223000049591064,2.1343300342559814,-85.72062683105469,18.585979461669922,1.8782724142074585,1.0640672445297241,1.3226643800735474,3.0951311588287354,-1.7124841213226318,2.5378215312957764,40.0,caminar hacia al frente,Video 11.mp4,2.3413793103448275,4.983793103448276,2.6424137931034486
1.120500087738037,0.6269766092300415,1.6159439086914062,2.0719199180603027,-87.40357971191406,15.75219440460205,0.8009029626846313,0.5676895976066589,0.46689921617507935,2.0401647090911865,-0.6169630289077759,0.6562210321426392,15.0,ponerse de pie,Video 11.mp4,5.017241379310345,5.987241379310345,0.9699999999999998
0.559305727481842,0.6170214414596558,0.5792702436447144,0.7823812961578369,-83.68780517578125,7.1402082443237305,0.44446879625320435,0.305732786655426,0.24284809827804565,1.6729391813278198,-0.6452182531356812,0.7572206258773804,25.0,giro 180,Video 11.mp4,6.020689655172414,7.693103448275862,1.6724137931034475
0.9774147868156433,0.5615757703781128,1.0926783084869385,1.558345079421997,-88.29304504394531,46.86344909667969,0.4768400192260742,0.21216680109500885,0.6289101839065552,1.3673712015151978,0.24303650856018066,1.4755462408065796,36.0,caminar hacia atras,Video 11.mp4,7.726551724137931,10.101379310344827,2.374827586206896
1.8446012735366821,1.1362833976745605,2.3441991806030273,3.6029052734375,-91.19113159179688,16.805505752563477,1.160977840423584,0.8793822526931763,0.6109665632247925,2.2827627658843994,0.9690990447998047,1.8905863761901855,19.0,giro 180,Video 11.mp4,10.134827586206896,11.405862068965517,1.2710344827586209
1.7789729833602905,1.0386875867843628,2.274000644683838,3.1967368125915527,-91.27409362792969,15.904541015625,1.33805513381958,0.5602973699569702,1.4959815740585327,2.1281964778900146,0.7586002349853516,5.318209648132324,37.0,sentarse,Video 11.mp4,11.439310344827586,13.88103448275862,2.4417241379310344
2.686262845993042,2.256121873855591,3.846836805343628,4.398513317108154,-83.82160186767578,40.85736083984375,2.5979151725769043,2.017617702484131,1.2086327075958252,3.416053533554077,0.7324178218841553,0.7905137538909912,13.0,ponerse de pie,Video 11.mp4,13.91448275862069,14.784137931034483,0.8696551724137933
1.1644340753555298,1.1767739057540894,1.4310564994812012,2.216240644454956,-87.06053924560547,0.44925740361213684,3.3274946212768555,3.2053089141845703,0.17870283126831055,4.279488563537598,-0.40596771240234375,0.7295055389404297,26.0,sentarse,Video 12.mp4,0.03337712895377129,1.7356107055961072,1.702233576642336
1.6529875993728638,1.268868327140808,2.0547661781311035,2.4574949741363525,-84.0239028930664,2.3646907806396484,2.5015358924865723,2.1039533615112305,1.0625581741333008,3.4402413368225098,0.07441186904907227,0.5954437255859375,17.0,ponerse de pie,Video 12.mp4,1.7689878345498784,2.9038102189781023,1.134822384428224
0.9033448100090027,0.4948625862598419,1.144487977027893,1.3522369861602783,-85.82600402832031,39.30435562133789,1.9122353792190552,1.3531098365783691,0.856931209564209,3.1378095149993896,-1.0836164951324463,2.0248754024505615,41.0,caminar hacia al frente,Video 12.mp4,2.9371873479318737,5.67411192214112,2.736924574209246
1.3013348579406738,0.7452139854431152,1.6257086992263794,2.62882399559021,-87.4663314819336,25.13806915283203,0.945186972618103,0.6936411261558533,0.6607065796852112,2.168043613433838,-0.7818336486816406,1.2031502723693848,22.0,ponerse de pie,Video 12.mp4,5.707489051094891,7.1760827250608274,1.4685936739659367
0.6266504526138306,0.6256707906723022,0.968440055847168,1.1611796617507935,-86.07763671875,0.5056429505348206,0.6355763673782349,0.6238055229187012,0.05718541145324707,1.918236494064331,-0.09213137626647949,0.2820901870727539,23.0,giro 180,Video 12.mp4,7.209459854014599,8.744807785888078,1.5353479318734786
1.1317812204360962,1.0272855758666992,1.3672537803649902,1.6496063470840454,-90.76979064941406,19.1529598236084,0.5034375786781311,0.2599489688873291,0.5105546712875366,1.3569961786270142,-0.7413225173950195,3.2271430492401123,39.0,caminar hacia atras,Video 12.mp4,8.77818491484185,11.34822384428224,2.57003892944039
1.3885881900787354,0.9458178877830505,1.501760482788086,2.106346607208252,-87.87855529785156,28.224966049194336,0.9321466088294983,0.6613453030586243,0.5230204463005066,1.8669259548187256,0.63155198097229,1.4629554748535156,21.0,giro 180,Video 12.mp4,11.38160097323601,12.750063260340633,1.3684622871046237
1.2042955160140991,0.7220814824104309,1.6138875484466553,1.8628040552139282,-86.03564453125,34.80722427368164,1.289499044418335,1.1084034442901611,0.32099688053131104,2.1610281467437744,0.11133217811584473,1.0450694561004639,13.0,ponerse de pie,Video 12.mp4,12.783440389294405,13.651245742092458,0.8678053527980527
1.6111352443695068,1.7585015296936035,2.173410415649414,3.24275279045105,-88.55160522460938,43.42165756225586,1.6784217357635498,0.6081863641738892,2.252626419067383,2.5763232707977295,1.299849510192871,6.692752838134766,54.0,sentarse,Video 12.mp4,13.68462287104623,17.255975669099758,3.5713527980535282
3.1855454444885254,2.0327188968658447,4.455402851104736,5.773467063903809,-85.99279022216797,14.408438682556152,3.4286391735076904,3.053715705871582,0.590787410736084,3.9362611770629883,0.46695876121520996,0.8382923603057861,16.0,ponerse de pie,Video 12.mp4,17.289352798053528,18.32404379562044,1.034690997566912
2.8380982875823975,2.0707340240478516,3.8585147857666016,5.495326519012451,-85.29646301269531,3.3341774940490723,3.8528172969818115,3.726503849029541,0.21299433708190918,4.859743595123291,-0.0503535270690918,0.7031559944152832,11.0,sentarse,Video 13.mp4,0.0333587786259542,0.7338931297709923,0.7005343511450381
3.6094398498535156,2.936133623123169,4.9703450202941895,6.833748817443848,-83.06623840332031,2.930345058441162,3.581151008605957,3.2123045921325684,0.6648654937744141,4.471627712249756,-0.26357364654541016,0.26357364654541016,4.0,ponerse de pie,Video 13.mp4,0.7672519083969466,1.000763358778626,0.23351145038167942
2.1864538192749023,0.8990368247032166,2.5024373531341553,3.5368640422821045,-88.93070983886719,4.877394199371338,2.248379707336426,1.3927624225616455,1.5981435775756836,3.3684515953063965,-1.6083877086639404,2.223737955093384,30.0,caminar hacia al frente,Video 13.mp4,1.0341221374045801,3.035648854961832,2.001526717557252
1.3061000108718872,0.8126256465911865,1.7132184505462646,1.7731249332427979,-86.38793182373047,0.5992220640182495,1.041571021080017,0.8880994319915771,0.3198690414428711,2.209813117980957,-0.3431427478790283,0.43688321113586426,11.0,ponerse de pie,Video 13.mp4,3.0690076335877863,3.8029007633587786,0.7338931297709923
0.3850351572036743,0.4648733139038086,0.35806697607040405,0.6001225113868713,-86.78105163574219,0.17230044305324554,0.8446998596191406,0.8369221091270447,0.03122413158416748,2.0419764518737793,-0.010645627975463867,0.06538891792297363,13.0,giro 180,Video 13.mp4,3.8362595419847327,4.670229007633588,0.8339694656488552
1.7495505809783936,1.202824592590332,2.268934965133667,3.2567298412323,-86.58429718017578,7.155306816101074,0.8513630032539368,0.3313297629356384,1.0319628715515137,1.8706579208374023,-0.04038846492767334,3.2988662719726562,32.0,caminar hacia atras,Video 13.mp4,4.703587786259542,6.83854961832061,2.1349618320610686
2.3914194107055664,1.1631338596343994,2.9570164680480957,3.097651243209839,-85.84004211425781,0.7077506184577942,1.6152158975601196,1.0888832807540894,1.1171973943710327,2.6846671104431152,1.2320929765701294,1.853476881980896,13.0,giro 180,Video 13.mp4,6.871908396946565,7.70587786259542,0.8339694656488552
2.6821296215057373,1.8589681386947632,4.276072978973389,4.877720832824707,-86.64107513427734,1.579307198524475,2.3179004192352295,1.9844950437545776,0.6447538137435913,3.515094518661499,0.5829758644104004,1.394986629486084,6.0,ponerse de pie,Video 13.mp4,7.739236641221374,8.10618320610687,0.36694656488549615
3.1422979831695557,2.535611391067505,3.94578218460083,6.15510368347168,-90.43315887451172,21.044557571411133,1.886237621307373,0.7222455739974976,2.1078085899353027,2.7003259658813477,1.0048062801361084,6.387918949127197,22.0,sentarse,Video 13.mp4,8.139541984732825,9.573969465648855,1.43442748091603
1.987417459487915,1.352883219718933,2.4693093299865723,3.346787452697754,-87.98014831542969,2.540874481201172,3.1263434886932373,2.881497383117676,0.6818010807037354,4.155250549316406,0.006931304931640625,0.8347930908203125,14.0,ponerse de pie,Video 13.mp4,9.60732824427481,10.541374045801527,0.9340458015267181
1.078579306602478,1.0123910903930664,1.5968544483184814,2.3226125240325928,-86.19483947753906,1.411260724067688,3.9945619106292725,3.7763149738311768,0.2745692729949951,4.950288772583008,0.25430727005004883,0.32372140884399414,15.0,sentarse,Video 14.mp4,0.016683241252302028,0.9843112338858195,0.9676279926335175
0.5397430062294006,0.6246145963668823,0.8096145391464233,1.1729605197906494,-88.7429428100586,0.019271058961749077,4.03163480758667,4.0303521156311035,0.0030875205993652344,4.962814807891846,0.003849506378173828,0.007927417755126953,3.0,ponerse de pie,Video 14.mp4,1.0009944751381217,1.201193370165746,0.20019889502762434
1.439924716949463,0.9268248677253723,2.155327320098877,2.547415256500244,-87.95765686035156,1.3372156620025635,4.088726997375488,3.7127926349639893,0.5859220027923584,4.860309600830078,-0.41889524459838867,0.540830135345459,16.0,caminar hacia al frente,Video 14.mp4,1.217876611418048,2.268920810313076,1.0510441988950279
2.942944288253784,2.2334511280059814,3.7088770866394043,5.514200210571289,-87.47630310058594,0.26182377338409424,3.2479023933410645,2.9519407749176025,0.5386614799499512,4.110231399536133,0.02626180648803711,0.24791622161865234,5.0,ponerse de pie,Video 14.mp4,2.2856040515653775,2.585902394106814,0.3002983425414367
0.9561259150505066,0.5745536684989929,1.216371774673462,1.6721934080123901,-81.63331604003906,3.540271282196045,2.7933905124664307,2.764125108718872,0.08960843086242676,3.895609140396118,0.22156357765197754,0.2920057773590088,9.0,giro 180,Video 14.mp4,2.6025856353591164,3.169815837937385,0.5672302025782687
1.8298358917236328,0.8275303840637207,2.3460118770599365,2.9831573963165283,-90.08531951904297,47.09023666381836,2.5563478469848633,2.200173854827881,0.658210277557373,3.5911176204681396,-0.9728519916534424,1.006352186203003,12.0,caminar hacia atras,Video 14.mp4,3.1864990791896872,3.937244935543278,0.7507458563535909
2.211425304412842,1.0374104976654053,2.7391982078552246,3.2159717082977295,-86.11140441894531,13.895586967468262,2.025834798812866,1.6960842609405518,0.5500514507293701,3.2076025009155273,-0.47563743591308594,0.7421665191650391,11.0,giro 180,Video 14.mp4,3.9539281767955803,4.6379410681399635,0.6840128913443833
1.372668981552124,1.372668981552124,2.0590033531188965,2.470804214477539,-90.01283264160156,3.1470699310302734,1.6021465063095093,1.5584763288497925,0.0873403549194336,2.745208501815796,-0.09343647956848145,0.09343647956848145,2.0,ponerse de pie,Video 14.mp4,4.654624309392266,4.788090239410682,0.13346593001841622
1.336092233657837,0.9495329260826111,1.6148581504821777,2.913724899291992,-87.86383819580078,19.602218627929688,1.1795281171798706,0.9931522011756897,0.3871329426765442,2.3096001148223877,-0.21275866031646729,0.6059833765029907,14.0,sentarse,Video 14.mp4,4.804773480662984,5.688985267034991,0.8842117863720071
1.0028090476989746,1.0110702514648438,1.0790355205535889,2.1620185375213623,-83.69618225097656,0.10986310243606567,0.9603872895240784,0.9164157509803772,0.09462803602218628,2.1514246463775635,-0.14741969108581543,0.14741969108581543,6.0,ponerse de pie,Video 14.mp4,5.705668508287293,6.072699815837938,0.3670313075506444
4.7931647300720215,4.246887683868408,9.061650276184082,9.758341789245605,-88.72705841064453,6.353956699371338,3.908194065093994,3.2506651878356934,0.8723411560058594,4.9305739402771,0.8513853549957275,2.0997860431671143,14.0,sentarse,Video 15.mp4,0.01668340773809524,0.9342708333333334,0.9175874255952381
0.36472898721694946,0.36472898721694946,0.5470935106277466,0.6565121412277222,-84.63198852539062,0.02064739540219307,4.0428147315979,4.0382609367370605,0.009107589721679688,4.999884605407715,-0.008454322814941406,0.008454322814941406,2.0,ponerse de pie,Video 15.mp4,0.9509542410714286,1.0677380952380953,0.1167838541666667
0.7702193856239319,0.797978937625885,0.7998148798942566,1.8978698253631592,-84.80567932128906,0.8718698024749756,4.029884338378906,3.83355975151062,0.2887547016143799,4.863705158233643,-0.288360595703125,0.2947044372558594,17.0,caminar hacia al frente,Video 15.mp4,1.0844215029761906,2.168843005952381,1.0844215029761906
2.4887800216674805,1.8186497688293457,3.7331700325012207,4.070298671722412,-93.7047119140625,4.789906978607178,3.524336099624634,3.3757832050323486,0.30953216552734375,4.1717400550842285,-0.06457805633544922,0.06457805633544922,3.0,ponerse de pie,Video 15.mp4,2.1855264136904764,2.385727306547619,0.2002008928571426
1.9899513721466064,1.0436252355575562,2.834096670150757,3.157292366027832,-95.96604919433594,6.908658981323242,2.922760009765625,2.8290491104125977,0.27445387840270996,3.9153592586517334,-0.032015323638916016,0.2355647087097168,8.0,giro 180,Video 15.mp4,2.4024107142857143,2.9029129464285717,0.5005022321428574
1.4631133079528809,0.787509024143219,2.0689613819122314,2.5116140842437744,-87.04232025146484,17.11500358581543,2.441240072250366,2.245713949203491,0.5501768589019775,3.5722556114196777,-0.18329358100891113,0.7032301425933838,13.0,caminar hacia atras,Video 15.mp4,2.919596354166667,3.753766741071429,0.8341703869047619
1.4820746183395386,0.6675729155540466,1.905228853225708,2.2373905181884766,-89.23918914794922,13.929830551147461,1.9104245901107788,1.6676808595657349,0.48304498195648193,3.076676368713379,-0.5183565616607666,0.5183565616607666,10.0,giro 180,Video 15.mp4,3.770450148809524,4.437786458333334,0.6673363095238098
1.491492509841919,0.8621305227279663,1.5570268630981445,2.8901758193969727,-89.532470703125,20.813634872436523,1.2580150365829468,1.0264241695404053,0.5871511697769165,2.4026365280151367,-0.7555434703826904,0.8902163505554199,19.0,sentarse,Video 15.mp4,4.454469866071428,5.672358630952381,1.2178887648809527
2.004703998565674,2.004703998565674,3.0070559978485107,3.6084671020507812,-83.3455581665039,0.06496913731098175,1.0497328042984009,1.0476856231689453,0.004094362258911133,2.2239437103271484,0.03524637222290039,0.03524637222290039,2.0,ponerse de pie,Video 15.mp4,5.689042038690476,5.772459077380953,0.08341703869047645
1.756751537322998,1.5237672328948975,2.8076024055480957,3.4612598419189453,-84.45567321777344,0.5167185068130493,1.002455711364746,0.9033755660057068,0.14753466844558716,2.129798650741577,-0.258439302444458,0.26264524459838867,4.0,caminar hacia al frente,Video 15.mp4,5.789142485119048,6.006026785714286,0.2168843005952379
4.665655612945557,3.3141791820526123,6.7157979011535645,9.611681938171387,-89.04248809814453,1.8052520751953125,3.7385621070861816,3.4294886589050293,1.349311351776123,4.741645336151123,-0.9030172824859619,1.970332384109497,13.0,sentarse,Video 16.mp4,0.01668286362163913,0.8841917719468739,0.8675089083252348
0.522064208984375,0.2994949519634247,0.6726962327957153,0.7930001616477966,-87.20243835449219,0.1032940149307251,3.9066665172576904,3.8547403812408447,0.0818173885345459,4.868139743804932,0.05759763717651367,0.08750391006469727,5.0,ponerse de pie,Video 16.mp4,0.9008746355685131,1.2178490443796566,0.31697440881114347
2.3902182579040527,1.6656254529953003,3.268732786178589,4.55151891708374,-90.84166717529297,6.241378307342529,3.6193900108337402,2.709252119064331,1.5886070728302002,4.4262542724609375,-0.7142632007598877,1.0455043315887451,23.0,caminar hacia al frente,Video 16.mp4,1.2345319080012958,2.7193067703271785,1.4847748623258827
0.5610823035240173,0.36074501276016235,0.6999554634094238,0.9443809986114502,-96.4642333984375,0.16465896368026733,2.8311257362365723,2.7433390617370605,0.14513158798217773,3.881500244140625,0.1012566089630127,0.2244417667388916,5.0,ponerse de pie,Video 16.mp4,2.7359896339488174,3.0696469063816,0.33365727243278265
0.7624640464782715,0.37827396392822266,0.9321950674057007,1.1272741556167603,-88.9744873046875,26.019329071044922,2.739017963409424,2.5404627323150635,0.3094758987426758,3.807283639907837,-0.2440319061279297,0.31969785690307617,8.0,giro 180,Video 16.mp4,3.086329770003239,3.6201814058956914,0.5338516358924523
1.2196370363235474,0.6645886898040771,1.477294683456421,2.108034610748291,-87.78429412841797,28.705801010131836,2.441908597946167,2.14292573928833,0.4778881072998047,3.5323405265808105,-0.37407493591308594,0.7483386993408203,13.0,caminar hacia atras,Video 16.mp4,3.6368642695173308,4.454324586977648,0.8174603174603177
0.8804925680160522,0.5318918228149414,1.1992802619934082,1.4512685537338257,-90.313720703125,6.8260369300842285,2.061723232269287,1.9186012744903564,0.23133468627929688,3.1614632606506348,-0.2680022716522217,0.2680022716522217,7.0,giro 180,Video 16.mp4,4.471007450599287,4.921444768383544,0.45043731778425666
0.39660096168518066,0.39660096168518066,0.594901442527771,0.7138817310333252,-82.19062805175781,0.42440345883369446,1.8600435256958008,1.8399713039398193,0.04014432430267334,2.9672529697418213,-0.011133432388305664,0.011133432388305664,2.0,ponerse de pie,Video 16.mp4,4.938127632005183,5.038224813735018,0.10009718172983462
1.4895076751708984,0.6789359450340271,1.8484745025634766,2.152660369873047,-87.71705627441406,22.97495460510254,1.570497989654541,1.3608241081237793,0.4455183744430542,2.66182804107666,-0.46603894233703613,0.5761406421661377,17.0,sentarse,Video 16.mp4,5.054907677356657,6.172659540006478,1.117751862649821
1.0266783237457275,0.5860443711280823,1.4191982746124268,1.764171838760376,-83.31535339355469,10.49521541595459,1.2590361833572388,1.2278635501861572,0.12175357341766357,2.3888731002807617,-0.01877737045288086,0.1545848846435547,11.0,ponerse de pie,Video 16.mp4,6.1893424036281175,6.9067055393586,0.7173631357304826
1.881553053855896,1.722936987876892,1.983233094215393,4.461080074310303,-89.08309173583984,1.3685537576675415,4.0351996421813965,3.363222360610962,1.0590274333953857,4.9105305671691895,0.703974723815918,1.0479326248168945,20.0,sentarse,Video 17.mp4,0.016683333333333335,1.3013000000000001,1.2846166666666667
,,,,,,,,,,,,,ponerse de pie,Video 17.mp4,1.3179833333333333,1.3680333333333334,0.05005000000000015
0.4540196359157562,0.3331897258758545,0.5411613583564758,0.9645673036575317,-88.45822143554688,0.4717637896537781,4.204774379730225,4.1438307762146,0.24855661392211914,5.075654983520508,0.04379415512084961,0.14889764785766602,17.0,caminar hacia al frente,Video 17.mp4,1.3847166666666666,2.4858166666666666,1.1011
0.38761425018310547,0.3843047320842743,0.5814213752746582,0.7793773412704468,-88.7159194946289,0.0005957000539638102,4.138269424438477,4.13432502746582,0.008839607238769531,5.098919868469238,-0.038991451263427734,0.038991451263427734,3.0,ponerse de pie,Video 17.mp4,2.5025,2.65265,0.15015
1.3382668495178223,0.9708132743835449,1.8930919170379639,2.584861993789673,-88.41705322265625,0.6593385934829712,4.046125888824463,3.8324975967407227,0.3091449737548828,4.7990217208862305,-0.27643632888793945,0.3351621627807617,8.0,giro 180,Video 17.mp4,2.6693333333333333,3.15315,0.4838166666666668
1.6941248178482056,1.1669528484344482,2.2920217514038086,3.528841495513916,-84.47254943847656,3.261873483657837,3.204050302505493,2.9002435207366943,0.855750322341919,4.27326774597168,-0.0969839096069336,0.698664665222168,13.0,caminar hacia atras,Video 17.mp4,3.1698333333333335,4.020683333333333,0.8508499999999999
1.10304856300354,0.6274687647819519,1.527025580406189,1.8848532438278198,-92.06928253173828,0.88193279504776,2.779062509536743,2.697340726852417,0.17611265182495117,3.9418282508850098,-0.24031710624694824,0.24031710624694824,7.0,giro 180,Video 17.mp4,4.037366666666666,4.4544500000000005,0.41708333333333414
0.8280551433563232,0.4842343032360077,1.1026822328567505,1.1778011322021484,-90.41212463378906,0.04403652995824814,2.536440372467041,2.4233365058898926,0.24660611152648926,3.7066712379455566,-0.20077037811279297,0.20077037811279297,4.0,ponerse de pie,Video 17.mp4,4.471133333333333,4.7047,0.23356666666666648
1.634196400642395,0.7876138091087341,1.863176941871643,2.537187099456787,-89.83545684814453,0.6090462803840637,2.0509889125823975,1.703765869140625,0.6738512516021729,3.206861972808838,-0.863023042678833,0.863023042678833,13.0,sentarse,Video 17.mp4,4.721383333333334,5.55555,0.8341666666666665
1.21733558177948,0.668205976486206,1.6558244228363037,1.9226585626602173,-88.36912536621094,1.4979673624038696,1.6179074048995972,1.4492179155349731,0.2916853427886963,2.8324568271636963,-0.17900753021240234,0.28415632247924805,7.0,ponerse de pie,Video 17.mp4,5.572233333333333,6.039366666666667,0.46713333333333384
2.0625030994415283,1.2766183614730835,3.1910228729248047,3.741760492324829,-92.1008529663086,1.257228970527649,3.799642562866211,3.195493221282959,0.799813985824585,4.884509563446045,0.7373442649841309,1.1039996147155762,12.0,sentarse,Video 18.mp4,0.016683229813664595,0.7674285714285713,0.7507453416149068
0.5322014689445496,0.5322014689445496,0.798302173614502,0.9579626321792603,-91.99234771728516,0.003468184731900692,4.043333053588867,4.033630847930908,0.01940441131591797,5.116562843322754,0.023491382598876953,0.023491382598876953,2.0,ponerse de pie,Video 18.mp4,0.784111801242236,0.867527950310559,0.08341614906832295
2.062824249267578,1.497717261314392,3.3155925273895264,3.484811305999756,-95.19853973388672,11.99740982055664,4.0239458084106445,3.3976311683654785,0.8832592964172363,4.9303693771362305,-0.3609750270843506,0.6576282978057861,18.0,caminar hacia al frente,Video 18.mp4,0.8842111801242236,2.0854037267080745,1.2011925465838509
0.7305492162704468,0.7305492162704468,1.0958237648010254,1.314988613128662,-98.06541442871094,0.9138436317443848,3.2150259017944336,3.168872117996216,0.09230780601501465,4.271606922149658,-0.0447850227355957,0.0447850227355957,2.0,ponerse de pie,Video 18.mp4,2.102086956521739,2.1855031055900622,0.08341614906832318
1.5538673400878906,0.8753606081008911,2.4032094478607178,2.4718947410583496,-91.72117614746094,8.652774810791016,2.8370566368103027,2.593339681625366,0.500328540802002,3.999150514602661,-0.32120656967163086,0.47341346740722656,9.0,giro 180,Video 18.mp4,2.2021863354037268,2.802782608695652,0.6005962732919254
1.523690104484558,0.5937734842300415,1.929236888885498,2.04502010345459,-93.87832641601562,8.044293403625488,2.231747627258301,1.97129487991333,0.6014797687530518,3.3895232677459717,-0.6860568523406982,0.738562822341919,12.0,caminar hacia atras,Video 18.mp4,2.8194658385093168,3.6035776397515527,0.7841118012422359
1.1985477209091187,0.673840343952179,1.7545138597488403,1.8851228952407837,-89.23352813720703,1.9673728942871094,1.7098984718322754,1.6208778619766235,0.18019342422485352,2.8539435863494873,0.0043032169342041016,0.21012425422668457,6.0,giro 180,Video 18.mp4,3.620260869565217,3.9706086956521736,0.35034782608695636
1.6485943794250488,1.2443941831588745,2.6991758346557617,2.941641092300415,-89.07225799560547,1.1740381717681885,1.5228955745697021,1.4645500183105469,0.14191842079162598,2.678933620452881,-0.1654050350189209,0.1654050350189209,4.0,ponerse de pie,Video 18.mp4,3.9872919254658385,4.254223602484472,0.2669316770186332
1.2863610982894897,0.5515419840812683,1.6856558322906494,1.9282464981079102,-96.80082702636719,3.7759323120117188,1.2352378368377686,1.0754168033599854,0.33737611770629883,2.4208362102508545,-0.3596290349960327,0.39863669872283936,10.0,sentarse,Video 18.mp4,4.270906832298136,4.904869565217391,0.6339627329192545
0.7503010034561157,0.39962050318717957,1.0038306713104248,1.2148056030273438,-89.00214385986328,1.4519758224487305,0.9639275074005127,0.8632253408432007,0.17887639999389648,2.1733462810516357,-0.12743031978607178,0.2459346055984497,8.0,ponerse de pie,Video 18.mp4,4.921552795031055,5.405366459627329,0.4838136645962736
12.738240242004395,8.517244338989258,21.22864532470703,22.81166648864746,-83.78825378417969,13.892257690429688,3.610525608062744,2.804964542388916,1.7233757972717285,4.825761318206787,1.639686107635498,4.330525875091553,8.0,sentarse,Video 2.mp4,0.033402922755741124,0.5010438413361169,0.46764091858037576
2.6142866611480713,1.9547944068908691,3.6060643196105957,5.252966403961182,-87.62882995605469,1.8539785146713257,3.2778561115264893,2.3593409061431885,1.2939538955688477,4.392554759979248,-0.7590665817260742,0.7590665817260742,14.0,ponerse de pie,Video 2.mp4,0.534446764091858,1.4029227557411275,0.8684759916492695
2.1176326274871826,0.857093870639801,2.7185564041137695,3.290914535522461,-86.73688507080078,4.382964611053467,1.5683526992797852,0.7316519618034363,1.4863042831420898,2.751356363296509,-1.606501579284668,4.112086772918701,42.0,caminar hacia al frente,Video 2.mp4,1.4363256784968685,4.275574112734864,2.8392484342379953
1.4472264051437378,0.8235206007957458,2.089231252670288,2.263291120529175,-85.83786010742188,1.3786529302597046,0.5530312061309814,0.44473227858543396,0.22393140196800232,1.8389911651611328,-0.5051666498184204,0.9218822717666626,18.0,giro 180,Video 2.mp4,4.308977035490606,5.478079331941545,1.169102296450939
1.5691640377044678,1.0478777885437012,2.0789408683776855,3.009183883666992,-85.30360412597656,22.925540924072266,0.3613470494747162,0.1566380113363266,0.5006605982780457,1.2214819192886353,-0.06181538105010986,2.7469286918640137,31.0,caminar hacia atras,Video 2.mp4,5.511482254697286,7.582463465553236,2.0709812108559493
2.169224739074707,1.2430802583694458,2.8679399490356445,3.566868543624878,-87.02474975585938,1.824666976928711,0.921330988407135,0.5663840770721436,0.8986501693725586,1.8516395092010498,0.5281912088394165,2.579319477081299,15.0,giro 180,Video 2.mp4,7.615866388308977,8.617954070981211,1.0020876826722338
2.798563003540039,2.629135847091675,2.9326910972595215,6.315606594085693,-91.36640167236328,15.963025093078613,1.4846045970916748,0.5389586687088013,1.7091087102890015,2.3813931941986084,1.6333234310150146,7.302361488342285,34.0,sentarse,Video 2.mp4,8.651356993736952,10.889352818371608,2.2379958246346554
1.2768365144729614,0.74836665391922,1.7471624612808228,2.374474287033081,-89.43553161621094,6.423645496368408,2.8663525581359863,2.080167055130005,1.449333906173706,3.920624256134033,0.5114254951477051,1.9916481971740723,29.0,ponerse de pie,Video 2.mp4,10.922755741127348,12.860125260960334,1.9373695198329859
2.2293262481689453,1.1642141342163086,3.1426661014556885,3.5732314586639404,-84.62664031982422,2.5835373401641846,3.507676362991333,2.815486192703247,1.1086127758026123,4.522906303405762,-0.4096560478210449,0.6822257041931152,10.0,ponerse de pie,Video 3.mp4,0.033430515063168124,0.6686103012633625,0.6351797862001944
2.3011958599090576,1.1195552349090576,3.0666160583496094,3.3326315879821777,-88.64781188964844,5.7079973220825195,2.09626841545105,1.3016382455825806,1.4941836595535278,3.1599361896514893,-1.6070029735565186,2.8657872676849365,37.0,caminar hacia al frente,Video 3.mp4,0.7020408163265306,3.142468415937804,2.440427599611273
1.6719003915786743,0.9876064658164978,2.2740025520324707,3.0030269622802734,-87.7920913696289,0.2235349863767624,1.0070725679397583,0.6075329780578613,0.663172721862793,2.115839719772339,-1.1787666082382202,1.396705985069275,14.0,giro 180,Video 3.mp4,3.175898931000972,4.078522837706512,0.9026239067055397
1.8201733827590942,1.3890211582183838,2.2543559074401855,2.737814426422119,-86.31717681884766,3.2969701290130615,0.8263016939163208,0.318386971950531,1.1595726013183594,1.6878727674484253,1.132012963294983,3.2637858390808105,26.0,caminar hacia atras,Video 3.mp4,4.11195335276968,5.816909620991254,1.704956268221574
2.9458272457122803,2.1548848152160645,4.413419246673584,5.898585796356201,-85.29096984863281,3.7353177070617676,1.6127665042877197,1.0884944200515747,1.050083041191101,2.605022668838501,0.9469048976898193,1.6758630275726318,13.0,giro 180,Video 3.mp4,5.850340136054422,6.719533527696793,0.8691933916423711
3.1249899864196777,3.023861885070801,2.8456461429595947,7.340703010559082,-87.24369812011719,0.773192822933197,1.9810727834701538,0.7374277710914612,2.0062308311462402,2.8737757205963135,-1.670606017112732,3.6940741539001465,15.0,sentarse,Video 3.mp4,6.752964042759961,7.722448979591837,0.9694849368318756
2.731149673461914,1.9086716175079346,3.736111879348755,5.356431007385254,-87.62783813476562,2.5709922313690186,2.524319648742676,1.0958752632141113,2.0115859508514404,3.478858232498169,2.547701835632324,3.9678168296813965,17.0,ponerse de pie,Video 3.mp4,7.755879494655005,8.859086491739554,1.1032069970845484
4.220971584320068,3.4656217098236084,5.404230117797852,8.214054107666016,-87.93855285644531,0.029258619993925095,3.1100070476531982,2.54648756980896,0.9506161212921143,3.871246337890625,0.1874089241027832,2.1070566177368164,5.0,caminar hacia al frente,Video 3.mp4,8.892517006802722,9.226822157434404,0.33430515063168187
1.8012733459472656,1.3038147687911987,2.5234627723693848,3.7962958812713623,-92.76459503173828,6.097426891326904,3.3013722896575928,2.876207113265991,0.5997281074523926,4.197228908538818,-0.32315969467163086,0.5875706672668457,14.0,ponerse de pie,Video 4.mp4,0.03340471092077088,0.9687366167023556,0.9353319057815846
1.5996220111846924,0.8140491843223572,2.0422005653381348,2.3669559955596924,-88.4026870727539,5.556563377380371,1.8008934259414673,0.8953141570091248,1.780890941619873,2.9354114532470703,-2.1939494609832764,3.352294683456421,47.0,caminar hacia al frente,Video 4.mp4,1.0021413276231264,4.142184154175589,3.1400428265524627
0.963724672794342,0.6016833782196045,1.0989336967468262,1.5680665969848633,-89.74909210205078,16.881601333618164,0.6248074769973755,0.37461885809898376,0.4622047245502472,1.7320078611373901,-0.965531587600708,1.0739679336547852,24.0,giro 180,Video 4.mp4,4.17558886509636,5.779014989293362,1.6034261241970018
1.4572381973266602,1.3509005308151245,2.3105387687683105,3.063495397567749,-85.52461242675781,12.564141273498535,0.5625168085098267,0.2815815210342407,0.9126356840133667,1.3050124645233154,0.9383304119110107,1.7520467042922974,32.0,caminar hacia atras,Video 4.mp4,5.812419700214133,7.916916488222698,2.104496788008565
2.2799506187438965,1.0503853559494019,3.097304344177246,3.464684009552002,-85.4063949584961,3.739673137664795,1.4987611770629883,1.1408886909484863,0.7161810398101807,2.6043429374694824,1.0926791429519653,1.318245768547058,20.0,giro 180,Video 4.mp4,7.9503211991434695,9.253104925053533,1.3027837259100634
1.9578033685684204,1.769446849822998,2.5113041400909424,4.551024436950684,-85.52417755126953,9.024456977844238,1.2718713283538818,0.6184104681015015,1.43470299243927,1.9416217803955078,-1.714066982269287,3.2508339881896973,24.0,sentarse,Video 4.mp4,9.286509635974305,10.856531049250536,1.5700214132762316
2.88303804397583,1.9488633871078491,3.1486353874206543,5.190545082092285,-90.27577209472656,9.217629432678223,2.231450319290161,0.7390587329864502,2.595202684402466,3.017958164215088,2.8629324436187744,5.128223419189453,25.0,ponerse de pie,Video 4.mp4,10.889935760171307,12.52676659528908,1.6368308351177738
0.26153433322906494,0.21567504107952118,0.38648369908332825,0.471098929643631,-89.07190704345703,0.6929417848587036,3.278489112854004,3.2605109214782715,0.0369875431060791,4.120578765869141,0.09769296646118164,0.11847829818725586,13.0,sentarse,Video 5.mp4,0.0334045584045584,0.8351139601139601,0.8017094017094017
0.9078242182731628,0.6576148271560669,1.3019540309906006,1.6433560848236084,-88.46552276611328,0.1502474993467331,3.2869760990142822,3.06726336479187,0.3181290626525879,4.142329216003418,-0.18220901489257812,0.26378345489501953,13.0,ponerse de pie,Video 5.mp4,0.8685185185185185,1.737037037037037,0.8685185185185185
1.6030534505844116,0.7776710391044617,1.9376170635223389,2.390756607055664,-89.40731048583984,14.090170860290527,1.7760943174362183,0.9271896481513977,1.938737154006958,2.9198107719421387,-1.842604398727417,2.210453748703003,42.0,caminar hacia al frente,Video 5.mp4,1.7704415954415955,4.576424501424501,2.805982905982906
0.6208014488220215,0.5040398240089417,0.7805401086807251,1.2324349880218506,-88.32879638671875,0.9483699798583984,0.7043131589889526,0.6549447178840637,0.19436335563659668,1.9082527160644531,-0.08517646789550781,0.2915327548980713,19.0,giro 180,Video 5.mp4,4.609829059829059,5.879202279202279,1.26937321937322
1.2450032234191895,0.9385350942611694,1.4344420433044434,2.1967692375183105,-88.77178955078125,15.673247337341309,0.4921613335609436,0.27321842312812805,0.4794575273990631,1.2426663637161255,-0.2097102403640747,2.3050308227539062,25.0,caminar hacia atras,Video 5.mp4,5.9126068376068375,7.582834757834758,1.6702279202279202
1.9796820878982544,1.4738483428955078,2.236293077468872,3.128394365310669,-90.32813262939453,6.681956768035889,1.141204833984375,0.7707861065864563,0.9217804074287415,2.15737247467041,0.8679319620132446,1.2744513750076294,22.0,giro 180,Video 5.mp4,7.616239316239316,9.052635327635327,1.4363960113960115
2.5168628692626953,2.122133493423462,3.111107349395752,5.011791229248047,-88.82861328125,7.881880283355713,1.2456607818603516,0.5492699146270752,1.5220868587493896,1.9465813636779785,0.9284670352935791,5.139809608459473,24.0,sentarse,Video 5.mp4,9.086039886039886,10.68945868945869,1.603418803418803
1.6718642711639404,1.5922393798828125,2.0353853702545166,3.761448383331299,-93.41768646240234,7.8220906257629395,2.7294259071350098,2.0216193199157715,1.4372730255126953,3.584550619125366,0.48391008377075195,0.9864382743835449,28.0,ponerse de pie,Video 5.mp4,10.722863247863248,12.56011396011396,1.837250712250711
1.9137026071548462,1.1836222410202026,2.3409132957458496,3.7361412048339844,-84.41593933105469,0.311946839094162,3.414407730102539,3.368953227996826,0.10657882690429688,4.400398254394531,-0.050000667572021484,0.34369897842407227,10.0,sentarse,Video 6.mp4,0.033407504363001744,0.6681500872600349,0.6347425828970331
2.0919926166534424,1.446374535560608,2.6029224395751953,4.580225467681885,-83.84191131591797,2.092048168182373,3.375433921813965,2.91288423538208,0.7398056983947754,4.307217121124268,-0.2850184440612793,0.7465100288391113,12.0,ponerse de pie,Video 6.mp4,0.7015575916230367,1.4699301919720769,0.7683726003490402
1.7889162302017212,0.830451488494873,2.031017780303955,2.674438953399658,-85.5202407836914,4.781330585479736,2.234043836593628,1.4421530961990356,1.3626588582992554,3.422030210494995,-1.2445390224456787,2.505598306655884,33.0,caminar hacia al frente,Video 6.mp4,1.5033376963350786,3.708232984293194,2.204895287958115
1.4013558626174927,0.7726731300354004,1.8415334224700928,2.269099473953247,-83.35226440429688,1.7224148511886597,1.0061066150665283,0.7424401640892029,0.6170246005058289,2.2429661750793457,-0.8987290859222412,1.0738046169281006,17.0,giro 180,Video 6.mp4,3.7416404886561954,4.877495636998255,1.1358551483420594
1.8399571180343628,1.3399282693862915,2.0746073722839355,3.6924076080322266,-89.40080261230469,11.580891609191895,0.5922663807868958,0.25123536586761475,0.7695715427398682,1.4985190629959106,0.11318182945251465,2.984847068786621,26.0,caminar hacia atras,Video 6.mp4,4.910903141361256,6.614685863874346,1.7037827225130897
2.344590663909912,2.2037272453308105,2.9381532669067383,3.9374754428863525,-89.44595336914062,1.733665108680725,1.2374918460845947,0.9851229190826416,0.725385308265686,2.330106735229492,1.029281735420227,1.336973786354065,10.0,giro 180,Video 6.mp4,6.6480933682373475,7.316243455497382,0.6681500872600346
3.0022361278533936,2.172375440597534,3.6674201488494873,5.708990573883057,-93.49384307861328,20.05422019958496,1.5427018404006958,0.660076916217804,1.432121992111206,2.4749255180358887,-1.8265992403030396,4.210326671600342,20.0,sentarse,Video 6.mp4,7.349650959860384,8.685951134380455,1.3363001745200709
3.476039171218872,2.386502265930176,5.641558647155762,7.057094573974609,-90.23491668701172,5.386166572570801,2.17173171043396,0.6092965602874756,2.7994933128356934,2.9787960052490234,3.305372476577759,3.771022081375122,14.0,ponerse de pie,Video 6.mp4,8.719358638743456,9.621361256544503,0.9020026178010472
0.8080287575721741,0.47157442569732666,1.1170501708984375,1.4234799146652222,-89.17304229736328,0.14417989552021027,3.539428234100342,3.4168245792388916,0.21112418174743652,4.536265850067139,0.36370849609375,0.5977983474731445,9.0,caminar hacia al frente,Video 6.mp4,9.654768760907505,10.256103839441536,0.6013350785340315
1.5587838888168335,1.4209154844284058,1.8529727458953857,2.3816449642181396,-88.50965118408203,1.5451362133026123,3.1016008853912354,2.327950954437256,1.178312063217163,4.064596176147461,-0.3142862319946289,0.49950695037841797,18.0,ponerse de pie,Video 7.mp4,0.033401639344262296,1.2358606557377048,1.2024590163934425
1.2385938167572021,0.7145278453826904,1.5602633953094482,1.9404445886611938,-87.19413757324219,11.142585754394531,1.6444436311721802,0.6426171660423279,1.7080671787261963,2.8580970764160156,-2.1591134071350098,2.67907977104187,51.0,caminar hacia al frente,Video 7.mp4,1.2692622950819672,4.676229508196721,3.406967213114754
0.43712782859802246,0.2927023768424988,0.4806341230869293,0.9057341814041138,-83.30223083496094,0.4367130994796753,0.5223119854927063,0.49095720052719116,0.11186152696609497,1.787382960319519,-0.07837975025177002,0.1996830701828003,18.0,giro 180,Video 7.mp4,4.709631147540984,5.912090163934426,1.2024590163934423
1.10294771194458,0.7212995290756226,1.4817838668823242,2.2828495502471924,-88.56742095947266,26.212209701538086,0.4607240557670593,0.22775223851203918,0.6322429180145264,1.3679102659225464,-0.11604321002960205,2.4114387035369873,33.0,caminar hacia atras,Video 7.mp4,5.9454918032786885,8.116598360655738,2.1711065573770494
1.9114474058151245,1.5140362977981567,2.8324637413024902,4.221432209014893,-88.18831634521484,12.808770179748535,1.2154182195663452,0.8339982032775879,0.867225170135498,2.3327996730804443,1.0688660144805908,1.4755618572235107,17.0,giro 180,Video 7.mp4,8.15,9.252254098360655,1.102254098360655
2.070171594619751,1.9493119716644287,2.904818534851074,4.354691982269287,-88.84228515625,6.797058582305908,1.3693671226501465,0.5870526432991028,1.4453258514404297,2.1799893379211426,-0.6327568292617798,3.827732563018799,25.0,sentarse,Video 7.mp4,9.285655737704918,10.955737704918032,1.6700819672131146
1.6796189546585083,1.2082520723342896,2.2787954807281494,2.746941328048706,-85.23372650146484,6.14453649520874,2.5226166248321533,1.9465882778167725,1.5085937976837158,3.463872194290161,0.813946008682251,1.830214262008667,23.0,ponerse de pie,Video 7.mp4,10.989139344262295,12.492213114754097,1.5030737704918025
1.091033935546875,0.8831583261489868,1.2691502571105957,2.4491050243377686,-88.99711608886719,0.6322371959686279,3.457467794418335,3.4053375720977783,0.1332094669342041,4.271727085113525,0.18209457397460938,0.21384143829345703,9.0,caminar hacia al frente,Video 7.mp4,12.52561475409836,13.09344262295082,0.5678278688524596
0.6738534569740295,0.5103185772895813,0.6108787059783936,0.9559033513069153,-84.23731231689453,0.8467753529548645,3.6340250968933105,3.5912394523620605,0.07112622261047363,4.674279689788818,-0.018584251403808594,0.19855117797851562,9.0,sentarse,Video 8.mp4,0.03342391304347826,0.6016304347826087,0.5682065217391304
1.7617385387420654,1.0358710289001465,2.651951789855957,3.1898529529571533,-84.40680694580078,2.135575294494629,3.1539840698242188,2.6212174892425537,0.9733476638793945,4.129081726074219,-0.5193548202514648,0.5193548202514648,11.0,ponerse de pie,Video 8.mp4,0.6350543478260869,1.3369565217391304,0.7019021739130434
1.8143911361694336,0.9335776567459106,2.607177734375,3.068904399871826,-87.15957641601562,9.756150245666504,1.9531090259552002,1.0642207860946655,1.6266802549362183,3.081308364868164,-1.9384877681732178,2.3017971515655518,34.0,caminar hacia al frente,Video 8.mp4,1.3703804347826087,3.609782608695652,2.239402173913043
1.0205178260803223,0.7303819060325623,1.3812320232391357,2.0437979698181152,-87.45647430419922,4.079992294311523,0.7467200756072998,0.3741636574268341,0.6179006099700928,1.8282979726791382,-1.3434789180755615,1.5330803394317627,18.0,giro 180,Video 8.mp4,3.6432065217391307,4.846467391304348,1.203260869565217
1.196537971496582,0.8457992076873779,1.3856645822525024,1.847241997718811,-87.37386322021484,10.719513893127441,0.5825321078300476,0.2996392846107483,0.6845969557762146,1.3816500902175903,0.7472608089447021,1.6953959465026855,28.0,caminar hacia atras,Video 8.mp4,4.879891304347826,6.7182065217391305,1.8383152173913047
1.948899745941162,1.109251856803894,2.3981144428253174,2.6279115676879883,-87.12997436523438,4.332821369171143,1.2092865705490112,0.9261859059333801,0.7071365714073181,2.1894540786743164,0.8207800388336182,0.8964698314666748,11.0,giro 180,Video 8.mp4,6.751630434782609,7.48695652173913,0.7353260869565217
3.1051125526428223,2.2618000507354736,3.942434787750244,6.5518670082092285,-88.36001586914062,7.22694730758667,1.5466480255126953,0.6586650609970093,1.5411001443862915,2.342984199523926,0.0183563232421875,4.552313804626465,22.0,sentarse,Video 8.mp4,7.520380434782608,8.991032608695653,1.4706521739130443
2.219446897506714,1.607563853263855,2.9828872680664062,4.549431800842285,-91.71244812011719,1.296843409538269,2.626217842102051,1.8062798976898193,1.3992912769317627,3.5621914863586426,1.1867403984069824,1.5251288414001465,13.0,ponerse de pie,Video 8.mp4,9.02445652173913,9.893478260869566,0.8690217391304351
1.4474865198135376,1.0156748294830322,2.3080224990844727,2.7052083015441895,-85.43029022216797,0.2492634654045105,3.46777606010437,3.3872883319854736,0.2231125831604004,4.273813724517822,0.044236183166503906,0.2994804382324219,6.0,sentarse,Video 9.mp4,0.033412135539795114,0.40094562647754134,0.36753349093774623
1.6358582973480225,0.8986004590988159,1.978030800819397,2.7679026126861572,-80.90362548828125,10.241053581237793,3.387051820755005,2.7405002117156982,1.0279340744018555,4.024622917175293,-0.300412654876709,0.328737735748291,10.0,ponerse de pie,Video 9.mp4,0.4343577620173365,1.0691883372734436,0.6348305752561072
1.8476186990737915,0.8982008099555969,2.498042583465576,3.0611770153045654,-82.82743072509766,17.10531997680664,1.7138035297393799,0.8977171778678894,1.6830029487609863,2.9161641597747803,-1.892009973526001,2.263416051864624,37.0,caminar hacia al frente,Video 9.mp4,1.1026004728132388,3.541686367218282,2.439085894405043
1.1288530826568604,0.4898444712162018,1.4603421688079834,1.6693620681762695,-83.20415496826172,16.421737670898438,0.5398879647254944,0.2902436852455139,0.5766124129295349,1.6943318843841553,-1.1685235500335693,1.2882485389709473,17.0,giro 180,Video 9.mp4,3.575098502758077,4.677698975571316,1.1026004728132386
1.276053786277771,0.9099612236022949,2.097984552383423,2.6418440341949463,-91.31427764892578,9.55494499206543,0.4599924087524414,0.1788007766008377,0.8054760694503784,1.194783091545105,0.9297243356704712,2.361321449279785,26.0,caminar hacia atras,Video 9.mp4,4.711111111111111,6.448542159180457,1.7374310480693458
1.561285138130188,0.9733172655105591,2.169999837875366,2.693225145339966,-90.85637664794922,12.872346878051758,1.3169955015182495,0.9089633226394653,0.7398263216018677,2.441284418106079,0.7610297203063965,1.183892011642456,15.0,giro 180,Video 9.mp4,6.481954294720252,7.484318360914106,1.002364066193854
2.533595561981201,1.7566275596618652,3.6126251220703125,4.394200325012207,-80.75308227539062,28.401906967163086,1.61866295337677,0.5930256843566895,2.911059856414795,2.288728952407837,1.384286880493164,7.412567138671875,35.0,sentarse,Video 9.mp4,7.5177304964539005,9.823167848699763,2.305437352245862
1.3745213747024536,1.0481853485107422,1.8201055526733398,3.103043556213379,-89.28263854980469,17.723859786987305,3.5588057041168213,3.4530365467071533,0.307422399520874,4.255429744720459,0.3358139991760254,0.7553229331970215,23.0,ponerse de pie,Video 9.mp4,9.85657998423956,11.36012608353034,1.50354609929078
